[{
  "_id": {
    "$oid": "657321c67b486133d056f19c"
  },
  "annee": "2023",
  "mois": "1",
  "jour": "16",
  "responsable": 2
},
{
  "_id": {
    "$oid": "657321c67b486133d056f19d"
  },
  "annee": "2023",
  "mois": "1",
  "jour": "23",
  "responsable": 4
},
{
  "_id": {
    "$oid": "657321c67b486133d056f19f"
  },
  "annee": "2023",
  "mois": "2",
  "jour": "6",
  "responsable": 7
},
{
  "_id": {
    "$oid": "657321c67b486133d056f1a6"
  },
  "annee": "2023",
  "mois": "3",
  "jour": "27",
  "responsable": 5
},
{
  "_id": {
    "$oid": "657321c67b486133d056f1a7"
  },
  "annee": "2023",
  "mois": "4",
  "jour": "3",
  "responsable": 3
},
{
  "_id": {
    "$oid": "657321c67b486133d056f1af"
  },
  "annee": "2023",
  "mois": "5",
  "jour": "29",
  "responsable": 1
},
{
  "_id": {
    "$oid": "657321c67b486133d056f1b2"
  },
  "annee": "2023",
  "mois": "6",
  "jour": "19",
  "responsable": 8
},
{
  "_id": {
    "$oid": "657321c67b486133d056f1b7"
  },
  "annee": "2023",
  "mois": "7",
  "jour": "24",
  "responsable": 6
},
{
  "_id": {
    "$oid": "657321c67b486133d056f1b8"
  },
  "annee": "2023",
  "mois": "7",
  "jour": "31",
  "responsable": 8
},
{
  "_id": {
    "$oid": "657321c67b486133d056f1bb"
  },
  "annee": "2023",
  "mois": "8",
  "jour": "21",
  "responsable": 4
},
{
  "_id": {
    "$oid": "657321c67b486133d056f1bf"
  },
  "annee": "2023",
  "mois": "9",
  "jour": "18",
  "responsable": 0
},
{
  "_id": {
    "$oid": "657321c67b486133d056f1c1"
  },
  "annee": "2023",
  "mois": "10",
  "jour": "2",
  "responsable": 0
},
{
  "_id": {
    "$oid": "657321c67b486133d056f1c2"
  },
  "annee": "2023",
  "mois": "10",
  "jour": "9",
  "responsable": 5
},
{
  "_id": {
    "$oid": "657321c67b486133d056f1c5"
  },
  "annee": "2023",
  "mois": "10",
  "jour": "30",
  "responsable": 0
},
{
  "_id": {
    "$oid": "657321c67b486133d056f1c6"
  },
  "annee": "2023",
  "mois": "11",
  "jour": "6",
  "responsable": 0
},
{
  "_id": {
    "$oid": "657321c67b486133d056f1c7"
  },
  "annee": "2023",
  "mois": "11",
  "jour": "13",
  "responsable": 0
},
{
  "_id": {
    "$oid": "657321c67b486133d056f1c8"
  },
  "annee": "2023",
  "mois": "11",
  "jour": "20",
  "responsable": 0
},
{
  "_id": {
    "$oid": "657321c67b486133d056f1cb"
  },
  "annee": "2023",
  "mois": "12",
  "jour": "11",
  "responsable": 0
},
{
  "_id": {
    "$oid": "657321c67b486133d056f1cc"
  },
  "annee": "2023",
  "mois": "12",
  "jour": "18",
  "responsable": 0
},
{
  "_id": {
    "$oid": "657321c67b486133d056f1ce"
  },
  "annee": "2024",
  "mois": "1",
  "jour": "1",
  "responsable": 4
},
{
  "_id": {
    "$oid": "657321c67b486133d056f1dd"
  },
  "annee": "2024",
  "mois": "4",
  "jour": "15",
  "responsable": 7
},
{
  "_id": {
    "$oid": "657321c67b486133d056f1e3"
  },
  "annee": "2024",
  "mois": "5",
  "jour": "27",
  "responsable": 3
},
{
  "_id": {
    "$oid": "657321c67b486133d056f1e9"
  },
  "annee": "2024",
  "mois": "7",
  "jour": "8",
  "responsable": 9
},
{
  "_id": {
    "$oid": "657321c67b486133d056f1eb"
  },
  "annee": "2024",
  "mois": "7",
  "jour": "22",
  "responsable": 3
},
{
  "_id": {
    "$oid": "657321c67b486133d056f1ec"
  },
  "annee": "2024",
  "mois": "7",
  "jour": "29",
  "responsable": 2
},
{
  "_id": {
    "$oid": "657321c67b486133d056f1f9"
  },
  "annee": "2024",
  "mois": "10",
  "jour": "28",
  "responsable": 5
},
{
  "_id": {
    "$oid": "657321c67b486133d056f202"
  },
  "annee": "2024",
  "mois": "12",
  "jour": "30",
  "responsable": 2
},
{
  "_id": {
    "$oid": "657321c67b486133d056f204"
  },
  "annee": "2025",
  "mois": "1",
  "jour": "13",
  "responsable": 4
},
{
  "_id": {
    "$oid": "657321c67b486133d056f205"
  },
  "annee": "2025",
  "mois": "1",
  "jour": "20",
  "responsable": 5
},
{
  "_id": {
    "$oid": "657321c67b486133d056f207"
  },
  "annee": "2025",
  "mois": "2",
  "jour": "3",
  "responsable": 1
},
{
  "_id": {
    "$oid": "657321c67b486133d056f20b"
  },
  "annee": "2025",
  "mois": "3",
  "jour": "3",
  "responsable": 3
},
{
  "_id": {
    "$oid": "657321c67b486133d056f20f"
  },
  "annee": "2025",
  "mois": "3",
  "jour": "31",
  "responsable": 5
},
{
  "_id": {
    "$oid": "657321c67b486133d056f212"
  },
  "annee": "2025",
  "mois": "4",
  "jour": "21",
  "responsable": 8
},
{
  "_id": {
    "$oid": "657321c67b486133d056f214"
  },
  "annee": "2025",
  "mois": "5",
  "jour": "5",
  "responsable": 10
},
{
  "_id": {
    "$oid": "657321c67b486133d056f216"
  },
  "annee": "2025",
  "mois": "5",
  "jour": "19",
  "responsable": 2
},
{
  "_id": {
    "$oid": "657321c67b486133d056f222"
  },
  "annee": "2025",
  "mois": "8",
  "jour": "11",
  "responsable": 4
},
{
  "_id": {
    "$oid": "657321c67b486133d056f235"
  },
  "annee": "2025",
  "mois": "12",
  "jour": "22",
  "responsable": 3
},
{
  "_id": {
    "$oid": "657321c67b486133d056f236"
  },
  "annee": "2025",
  "mois": "12",
  "jour": "29",
  "responsable": 2
},
{
  "_id": {
    "$oid": "657321c67b486133d056f1a3"
  },
  "annee": "2023",
  "mois": "3",
  "jour": "6",
  "responsable": 8
},
{
  "_id": {
    "$oid": "657321c67b486133d056f1a5"
  },
  "annee": "2023",
  "mois": "3",
  "jour": "20",
  "responsable": 5
},
{
  "_id": {
    "$oid": "657321c67b486133d056f1a8"
  },
  "annee": "2023",
  "mois": "4",
  "jour": "10",
  "responsable": 4
},
{
  "_id": {
    "$oid": "657321c67b486133d056f1aa"
  },
  "annee": "2023",
  "mois": "4",
  "jour": "24",
  "responsable": 10
},
{
  "_id": {
    "$oid": "657321c67b486133d056f1ad"
  },
  "annee": "2023",
  "mois": "5",
  "jour": "15",
  "responsable": 0
},
{
  "_id": {
    "$oid": "657321c67b486133d056f1ae"
  },
  "annee": "2023",
  "mois": "5",
  "jour": "22",
  "responsable": 5
},
{
  "_id": {
    "$oid": "657321c67b486133d056f1b0"
  },
  "annee": "2023",
  "mois": "6",
  "jour": "5",
  "responsable": 5
},
{
  "_id": {
    "$oid": "657321c67b486133d056f1c0"
  },
  "annee": "2023",
  "mois": "9",
  "jour": "25",
  "responsable": 4
},
{
  "_id": {
    "$oid": "657321c67b486133d056f1c4"
  },
  "annee": "2023",
  "mois": "10",
  "jour": "23",
  "responsable": 0
},
{
  "_id": {
    "$oid": "657321c67b486133d056f1cd"
  },
  "annee": "2023",
  "mois": "12",
  "jour": "25",
  "responsable": 0
},
{
  "_id": {
    "$oid": "657321c67b486133d056f1d0"
  },
  "annee": "2024",
  "mois": "1",
  "jour": "15",
  "responsable": 4
},
{
  "_id": {
    "$oid": "657321c67b486133d056f1d6"
  },
  "annee": "2024",
  "mois": "2",
  "jour": "26",
  "responsable": 10
},
{
  "_id": {
    "$oid": "657321c67b486133d056f1dc"
  },
  "annee": "2024",
  "mois": "4",
  "jour": "8",
  "responsable": 6
},
{
  "_id": {
    "$oid": "657321c67b486133d056f1de"
  },
  "annee": "2024",
  "mois": "4",
  "jour": "22",
  "responsable": 8
},
{
  "_id": {
    "$oid": "657321c67b486133d056f1e7"
  },
  "annee": "2024",
  "mois": "6",
  "jour": "24",
  "responsable": 7
},
{
  "_id": {
    "$oid": "657321c67b486133d056f1e8"
  },
  "annee": "2024",
  "mois": "7",
  "jour": "1",
  "responsable": 8
},
{
  "_id": {
    "$oid": "657321c67b486133d056f1ed"
  },
  "annee": "2024",
  "mois": "8",
  "jour": "5",
  "responsable": 3
},
{
  "_id": {
    "$oid": "657321c67b486133d056f1ef"
  },
  "annee": "2024",
  "mois": "8",
  "jour": "19",
  "responsable": 5
},
{
  "_id": {
    "$oid": "657321c67b486133d056f1f0"
  },
  "annee": "2024",
  "mois": "8",
  "jour": "26",
  "responsable": 6
},
{
  "_id": {
    "$oid": "657321c67b486133d056f1f1"
  },
  "annee": "2024",
  "mois": "9",
  "jour": "2",
  "responsable": 7
},
{
  "_id": {
    "$oid": "657321c67b486133d056f1f5"
  },
  "annee": "2024",
  "mois": "9",
  "jour": "30",
  "responsable": 8
},
{
  "_id": {
    "$oid": "657321c67b486133d056f1f6"
  },
  "annee": "2024",
  "mois": "10",
  "jour": "7",
  "responsable": 2
},
{
  "_id": {
    "$oid": "657321c67b486133d056f1f7"
  },
  "annee": "2024",
  "mois": "10",
  "jour": "14",
  "responsable": 3
},
{
  "_id": {
    "$oid": "657321c67b486133d056f1f8"
  },
  "annee": "2024",
  "mois": "10",
  "jour": "21",
  "responsable": 4
},
{
  "_id": {
    "$oid": "657321c67b486133d056f1ff"
  },
  "annee": "2024",
  "mois": "12",
  "jour": "9",
  "responsable": 1
},
{
  "_id": {
    "$oid": "657321c67b486133d056f208"
  },
  "annee": "2025",
  "mois": "2",
  "jour": "10",
  "responsable": 8
},
{
  "_id": {
    "$oid": "657321c67b486133d056f209"
  },
  "annee": "2025",
  "mois": "2",
  "jour": "17",
  "responsable": 9
},
{
  "_id": {
    "$oid": "657321c67b486133d056f20a"
  },
  "annee": "2025",
  "mois": "2",
  "jour": "24",
  "responsable": 10
},
{
  "_id": {
    "$oid": "657321c67b486133d056f20c"
  },
  "annee": "2025",
  "mois": "3",
  "jour": "10",
  "responsable": 2
},
{
  "_id": {
    "$oid": "657321c67b486133d056f20d"
  },
  "annee": "2025",
  "mois": "3",
  "jour": "17",
  "responsable": 3
},
{
  "_id": {
    "$oid": "657321c67b486133d056f213"
  },
  "annee": "2025",
  "mois": "4",
  "jour": "28",
  "responsable": 9
},
{
  "_id": {
    "$oid": "657321c67b486133d056f217"
  },
  "annee": "2025",
  "mois": "5",
  "jour": "26",
  "responsable": 3
},
{
  "_id": {
    "$oid": "657321c67b486133d056f21b"
  },
  "annee": "2025",
  "mois": "6",
  "jour": "23",
  "responsable": 7
},
{
  "_id": {
    "$oid": "657321c67b486133d056f21d"
  },
  "annee": "2025",
  "mois": "7",
  "jour": "7",
  "responsable": 9
},
{
  "_id": {
    "$oid": "657321c67b486133d056f221"
  },
  "annee": "2025",
  "mois": "8",
  "jour": "4",
  "responsable": 3
},
{
  "_id": {
    "$oid": "657321c67b486133d056f229"
  },
  "annee": "2025",
  "mois": "9",
  "jour": "29",
  "responsable": 1
},
{
  "_id": {
    "$oid": "657321c67b486133d056f22a"
  },
  "annee": "2025",
  "mois": "10",
  "jour": "6",
  "responsable": 2
},
{
  "_id": {
    "$oid": "657321c67b486133d056f22f"
  },
  "annee": "2025",
  "mois": "11",
  "jour": "10",
  "responsable": 7
},
{
  "_id": {
    "$oid": "657321c67b486133d056f19a"
  },
  "annee": "2023",
  "mois": "1",
  "jour": "2",
  "responsable": 1
},
{
  "_id": {
    "$oid": "657321c67b486133d056f19b"
  },
  "annee": "2023",
  "mois": "1",
  "jour": "9",
  "responsable": 3
},
{
  "_id": {
    "$oid": "657321c67b486133d056f1a0"
  },
  "annee": "2023",
  "mois": "2",
  "jour": "13",
  "responsable": 10
},
{
  "_id": {
    "$oid": "657321c67b486133d056f1a4"
  },
  "annee": "2023",
  "mois": "3",
  "jour": "13",
  "responsable": 4
},
{
  "_id": {
    "$oid": "657321c67b486133d056f1a9"
  },
  "annee": "2023",
  "mois": "4",
  "jour": "17",
  "responsable": 1
},
{
  "_id": {
    "$oid": "657321c67b486133d056f1b1"
  },
  "annee": "2023",
  "mois": "6",
  "jour": "12",
  "responsable": 5
},
{
  "_id": {
    "$oid": "657321c67b486133d056f1b4"
  },
  "annee": "2023",
  "mois": "7",
  "jour": "3",
  "responsable": 3
},
{
  "_id": {
    "$oid": "657321c67b486133d056f1b9"
  },
  "annee": "2023",
  "mois": "8",
  "jour": "7",
  "responsable": 5
},
{
  "_id": {
    "$oid": "657321c67b486133d056f1ba"
  },
  "annee": "2023",
  "mois": "8",
  "jour": "14",
  "responsable": 4
},
{
  "_id": {
    "$oid": "657321c67b486133d056f1bc"
  },
  "annee": "2023",
  "mois": "8",
  "jour": "28",
  "responsable": 0
},
{
  "_id": {
    "$oid": "657321c67b486133d056f1bd"
  },
  "annee": "2023",
  "mois": "9",
  "jour": "4",
  "responsable": 1
},
{
  "_id": {
    "$oid": "657321c67b486133d056f1be"
  },
  "annee": "2023",
  "mois": "9",
  "jour": "11",
  "responsable": 0
},
{
  "_id": {
    "$oid": "657321c67b486133d056f1c3"
  },
  "annee": "2023",
  "mois": "10",
  "jour": "16",
  "responsable": 0
},
{
  "_id": {
    "$oid": "657321c67b486133d056f1c9"
  },
  "annee": "2023",
  "mois": "11",
  "jour": "27",
  "responsable": 0
},
{
  "_id": {
    "$oid": "657321c67b486133d056f1ca"
  },
  "annee": "2023",
  "mois": "12",
  "jour": "4",
  "responsable": 0
},
{
  "_id": {
    "$oid": "657321c67b486133d056f1d1"
  },
  "annee": "2024",
  "mois": "1",
  "jour": "22",
  "responsable": 5
},
{
  "_id": {
    "$oid": "657321c67b486133d056f1d2"
  },
  "annee": "2024",
  "mois": "1",
  "jour": "29",
  "responsable": 6
},
{
  "_id": {
    "$oid": "657321c67b486133d056f1d3"
  },
  "annee": "2024",
  "mois": "2",
  "jour": "5",
  "responsable": 8
},
{
  "_id": {
    "$oid": "657321c67b486133d056f1d4"
  },
  "annee": "2024",
  "mois": "2",
  "jour": "12",
  "responsable": 8
},
{
  "_id": {
    "$oid": "657321c67b486133d056f1d5"
  },
  "annee": "2024",
  "mois": "2",
  "jour": "19",
  "responsable": 9
},
{
  "_id": {
    "$oid": "657321c67b486133d056f1d8"
  },
  "annee": "2024",
  "mois": "3",
  "jour": "11",
  "responsable": 2
},
{
  "_id": {
    "$oid": "657321c67b486133d056f1df"
  },
  "annee": "2024",
  "mois": "4",
  "jour": "29",
  "responsable": 9
},
{
  "_id": {
    "$oid": "657321c67b486133d056f1e0"
  },
  "annee": "2024",
  "mois": "5",
  "jour": "6",
  "responsable": 10
},
{
  "_id": {
    "$oid": "657321c67b486133d056f1e2"
  },
  "annee": "2024",
  "mois": "5",
  "jour": "20",
  "responsable": 2
},
{
  "_id": {
    "$oid": "657321c67b486133d056f1e4"
  },
  "annee": "2024",
  "mois": "6",
  "jour": "3",
  "responsable": 4
},
{
  "_id": {
    "$oid": "657321c67b486133d056f1ea"
  },
  "annee": "2024",
  "mois": "7",
  "jour": "15",
  "responsable": 11
},
{
  "_id": {
    "$oid": "657321c67b486133d056f1f2"
  },
  "annee": "2024",
  "mois": "9",
  "jour": "9",
  "responsable": 8
},
{
  "_id": {
    "$oid": "657321c67b486133d056f1fc"
  },
  "annee": "2024",
  "mois": "11",
  "jour": "18",
  "responsable": 8
},
{
  "_id": {
    "$oid": "657321c67b486133d056f1fe"
  },
  "annee": "2024",
  "mois": "12",
  "jour": "2",
  "responsable": 10
},
{
  "_id": {
    "$oid": "657321c67b486133d056f200"
  },
  "annee": "2024",
  "mois": "12",
  "jour": "16",
  "responsable": 2
},
{
  "_id": {
    "$oid": "657321c67b486133d056f206"
  },
  "annee": "2025",
  "mois": "1",
  "jour": "27",
  "responsable": 6
},
{
  "_id": {
    "$oid": "657321c67b486133d056f20e"
  },
  "annee": "2025",
  "mois": "3",
  "jour": "24",
  "responsable": 4
},
{
  "_id": {
    "$oid": "657321c67b486133d056f210"
  },
  "annee": "2025",
  "mois": "4",
  "jour": "7",
  "responsable": 6
},
{
  "_id": {
    "$oid": "657321c67b486133d056f215"
  },
  "annee": "2025",
  "mois": "5",
  "jour": "12",
  "responsable": 1
},
{
  "_id": {
    "$oid": "657321c67b486133d056f218"
  },
  "annee": "2025",
  "mois": "6",
  "jour": "2",
  "responsable": 4
},
{
  "_id": {
    "$oid": "657321c67b486133d056f21e"
  },
  "annee": "2025",
  "mois": "7",
  "jour": "14",
  "responsable": 10
},
{
  "_id": {
    "$oid": "657321c67b486133d056f21f"
  },
  "annee": "2025",
  "mois": "7",
  "jour": "21",
  "responsable": 1
},
{
  "_id": {
    "$oid": "657321c67b486133d056f220"
  },
  "annee": "2025",
  "mois": "7",
  "jour": "28",
  "responsable": 2
},
{
  "_id": {
    "$oid": "657321c67b486133d056f223"
  },
  "annee": "2025",
  "mois": "8",
  "jour": "18",
  "responsable": 5
},
{
  "_id": {
    "$oid": "657321c67b486133d056f225"
  },
  "annee": "2025",
  "mois": "9",
  "jour": "1",
  "responsable": 7
},
{
  "_id": {
    "$oid": "657321c67b486133d056f226"
  },
  "annee": "2025",
  "mois": "9",
  "jour": "8",
  "responsable": 8
},
{
  "_id": {
    "$oid": "657321c67b486133d056f227"
  },
  "annee": "2025",
  "mois": "9",
  "jour": "15",
  "responsable": 9
},
{
  "_id": {
    "$oid": "657321c67b486133d056f22c"
  },
  "annee": "2025",
  "mois": "10",
  "jour": "20",
  "responsable": 4
},
{
  "_id": {
    "$oid": "657321c67b486133d056f22d"
  },
  "annee": "2025",
  "mois": "10",
  "jour": "27",
  "responsable": 5
},
{
  "_id": {
    "$oid": "657321c67b486133d056f230"
  },
  "annee": "2025",
  "mois": "11",
  "jour": "17",
  "responsable": 8
},
{
  "_id": {
    "$oid": "657321c67b486133d056f232"
  },
  "annee": "2025",
  "mois": "12",
  "jour": "1",
  "responsable": 10
},
{
  "_id": {
    "$oid": "657321c67b486133d056f233"
  },
  "annee": "2025",
  "mois": "12",
  "jour": "8",
  "responsable": 1
},
{
  "_id": {
    "$oid": "657321c67b486133d056f234"
  },
  "annee": "2025",
  "mois": "12",
  "jour": "15",
  "responsable": 2
},
{
  "_id": {
    "$oid": "657321c67b486133d056f19e"
  },
  "annee": "2023",
  "mois": "1",
  "jour": "30",
  "responsable": 3
},
{
  "_id": {
    "$oid": "657321c67b486133d056f1a1"
  },
  "annee": "2023",
  "mois": "2",
  "jour": "20",
  "responsable": 8
},
{
  "_id": {
    "$oid": "657321c67b486133d056f1a2"
  },
  "annee": "2023",
  "mois": "2",
  "jour": "27",
  "responsable": 6
},
{
  "_id": {
    "$oid": "657321c67b486133d056f1ab"
  },
  "annee": "2023",
  "mois": "5",
  "jour": "1",
  "responsable": 8
},
{
  "_id": {
    "$oid": "657321c67b486133d056f1ac"
  },
  "annee": "2023",
  "mois": "5",
  "jour": "8",
  "responsable": 3
},
{
  "_id": {
    "$oid": "657321c67b486133d056f1b3"
  },
  "annee": "2023",
  "mois": "6",
  "jour": "26",
  "responsable": 0
},
{
  "_id": {
    "$oid": "657321c67b486133d056f1b5"
  },
  "annee": "2023",
  "mois": "7",
  "jour": "10",
  "responsable": 0
},
{
  "_id": {
    "$oid": "657321c67b486133d056f1b6"
  },
  "annee": "2023",
  "mois": "7",
  "jour": "17",
  "responsable": 3
},
{
  "_id": {
    "$oid": "657321c67b486133d056f1cf"
  },
  "annee": "2024",
  "mois": "1",
  "jour": "8",
  "responsable": 3
},
{
  "_id": {
    "$oid": "657321c67b486133d056f1d7"
  },
  "annee": "2024",
  "mois": "3",
  "jour": "4",
  "responsable": 1
},
{
  "_id": {
    "$oid": "657321c67b486133d056f1d9"
  },
  "annee": "2024",
  "mois": "3",
  "jour": "18",
  "responsable": 3
},
{
  "_id": {
    "$oid": "657321c67b486133d056f1da"
  },
  "annee": "2024",
  "mois": "3",
  "jour": "25",
  "responsable": 4
},
{
  "_id": {
    "$oid": "657321c67b486133d056f1db"
  },
  "annee": "2024",
  "mois": "4",
  "jour": "1",
  "responsable": 5
},
{
  "_id": {
    "$oid": "657321c67b486133d056f1e1"
  },
  "annee": "2024",
  "mois": "5",
  "jour": "13",
  "responsable": 1
},
{
  "_id": {
    "$oid": "657321c67b486133d056f1e5"
  },
  "annee": "2024",
  "mois": "6",
  "jour": "10",
  "responsable": 5
},
{
  "_id": {
    "$oid": "657321c67b486133d056f1e6"
  },
  "annee": "2024",
  "mois": "6",
  "jour": "17",
  "responsable": 6
},
{
  "_id": {
    "$oid": "657321c67b486133d056f1ee"
  },
  "annee": "2024",
  "mois": "8",
  "jour": "12",
  "responsable": 4
},
{
  "_id": {
    "$oid": "657321c67b486133d056f1f3"
  },
  "annee": "2024",
  "mois": "9",
  "jour": "16",
  "responsable": 9
},
{
  "_id": {
    "$oid": "657321c67b486133d056f1f4"
  },
  "annee": "2024",
  "mois": "9",
  "jour": "23",
  "responsable": 10
},
{
  "_id": {
    "$oid": "657321c67b486133d056f1fa"
  },
  "annee": "2024",
  "mois": "11",
  "jour": "4",
  "responsable": 6
},
{
  "_id": {
    "$oid": "657321c67b486133d056f1fb"
  },
  "annee": "2024",
  "mois": "11",
  "jour": "11",
  "responsable": 7
},
{
  "_id": {
    "$oid": "657321c67b486133d056f1fd"
  },
  "annee": "2024",
  "mois": "11",
  "jour": "25",
  "responsable": 9
},
{
  "_id": {
    "$oid": "657321c67b486133d056f201"
  },
  "annee": "2024",
  "mois": "12",
  "jour": "23",
  "responsable": 1
},
{
  "_id": {
    "$oid": "657321c67b486133d056f203"
  },
  "annee": "2025",
  "mois": "1",
  "jour": "6",
  "responsable": 1
},
{
  "_id": {
    "$oid": "657321c67b486133d056f211"
  },
  "annee": "2025",
  "mois": "4",
  "jour": "14",
  "responsable": 7
},
{
  "_id": {
    "$oid": "657321c67b486133d056f219"
  },
  "annee": "2025",
  "mois": "6",
  "jour": "9",
  "responsable": 5
},
{
  "_id": {
    "$oid": "657321c67b486133d056f21a"
  },
  "annee": "2025",
  "mois": "6",
  "jour": "16",
  "responsable": 6
},
{
  "_id": {
    "$oid": "657321c67b486133d056f21c"
  },
  "annee": "2025",
  "mois": "6",
  "jour": "30",
  "responsable": 8
},
{
  "_id": {
    "$oid": "657321c67b486133d056f224"
  },
  "annee": "2025",
  "mois": "8",
  "jour": "25",
  "responsable": 6
},
{
  "_id": {
    "$oid": "657321c67b486133d056f228"
  },
  "annee": "2025",
  "mois": "9",
  "jour": "22",
  "responsable": 10
},
{
  "_id": {
    "$oid": "657321c67b486133d056f22b"
  },
  "annee": "2025",
  "mois": "10",
  "jour": "13",
  "responsable": 3
},
{
  "_id": {
    "$oid": "657321c67b486133d056f22e"
  },
  "annee": "2025",
  "mois": "11",
  "jour": "3",
  "responsable": 6
},
{
  "_id": {
    "$oid": "657321c67b486133d056f231"
  },
  "annee": "2025",
  "mois": "11",
  "jour": "24",
  "responsable": 9
}]