[{
  "_id": {
    "$oid": "657c305ebb0d60dbf5438bbc"
  },
  "id": 1,
  "nom": "Alice Dupont",
  "couleur": "#0000FF",
  "email": "alice.dupont@example.com",
  "password": "$2y$10$rHe5nyCSfifF3..q8AKt9uCm3GRm.PvSNanq3nxmOhe8cc/52MBoK",
  "statut": "user"
},
{
  "_id": {
    "$oid": "657c305ebb0d60dbf5438bbf"
  },
  "id": 4,
  "nom": "Emma Fischer",
  "couleur": "#FFFF00",
  "email": "emma.fischer@example.com",
  "password": "$2y$10$rHe5nyCSfifF3..q8AKt9uCm3GRm.PvSNanq3nxmOhe8cc/52MBoK",
  "statut": "user"
},
{
  "_id": {
    "$oid": "657c305ebb0d60dbf5438bc3"
  },
  "id": 8,
  "nom": "Arjun Patel",
  "couleur": "#808080",
  "email": "arjun.patel@example.com",
  "password": "$2y$10$rHe5nyCSfifF3..q8AKt9uCm3GRm.PvSNanq3nxmOhe8cc/52MBoK",
  "statut": "admin"
},
{
  "_id": {
    "$oid": "657c305ebb0d60dbf5438bc1"
  },
  "id": 6,
  "nom": "Chen Wei",
  "couleur": "#FFA500",
  "email": "chen.wei@example.com",
  "password": "$2y$10$rHe5nyCSfifF3..q8AKt9uCm3GRm.PvSNanq3nxmOhe8cc/52MBoK",
  "statut": "user"
},
{
  "_id": {
    "$oid": "657c305ebb0d60dbf5438bbd"
  },
  "id": 2,
  "nom": "Mohamed Alami",
  "couleur": "#008000",
  "email": "mohamed.alami@example.com",
  "password": "$2y$10$rHe5nyCSfifF3..q8AKt9uCm3GRm.PvSNanq3nxmOhe8cc/52MBoK",
  "statut": "admin"
},
{
  "_id": {
    "$oid": "657c305ebb0d60dbf5438bbe"
  },
  "id": 3,
  "nom": "Carlos Rodriguez",
  "couleur": "#FF0000",
  "email": "carlos.rodriguez@example.com",
  "password": "$2y$10$rHe5nyCSfifF3..q8AKt9uCm3GRm.PvSNanq3nxmOhe8cc/52MBoK",
  "statut": "user"
},
{
  "_id": {
    "$oid": "657c305ebb0d60dbf5438bc0"
  },
  "id": 5,
  "nom": "Yuki Tanaka",
  "couleur": "#800080",
  "email": "yuki.tanaka@example.com",
  "password": "$2y$10$rHe5nyCSfifF3..q8AKt9uCm3GRm.PvSNanq3nxmOhe8cc/52MBoK",
  "statut": "admin"
},
{
  "_id": {
    "$oid": "657c305ebb0d60dbf5438bc2"
  },
  "id": 7,
  "nom": "Olivia Smith",
  "couleur": "#FFC0CB",
  "email": "olivia.smith@example.com",
  "password": "$2y$10$rHe5nyCSfifF3..q8AKt9uCm3GRm.PvSNanq3nxmOhe8cc/52MBoK",
  "statut": "user"
},
{
  "_id": {
    "$oid": "657c305ebb0d60dbf5438bc4"
  },
  "id": 9,
  "nom": "Sofia García",
  "couleur": "#40E0D0",
  "email": "sofia.garcia@example.com",
  "password": "$2y$10$rHe5nyCSfifF3..q8AKt9uCm3GRm.PvSNanq3nxmOhe8cc/52MBoK",
  "statut": "user"
},
{
  "_id": {
    "$oid": "657c305ebb0d60dbf5438bc5"
  },
  "id": 10,
  "nom": "Liam Johnson",
  "couleur": "#A52A2A",
  "email": "liam.johnson@example.com",
  "password": "$2y$10$rHe5nyCSfifF3..q8AKt9uCm3GRm.PvSNanq3nxmOhe8cc/52MBoK",
  "statut": "admin"
},
{
  "_id": {
    "$oid": "657c308158ff1b7f8004ede2"
  },
  "id": 11,
  "email": "sebastien@johndoe-et-fils.com",
  "password": "$2y$10$f0evx0nspxO85gbuERU1nehILYGZBEaMD/vNvXoZv9W1naXrPfiuW",
  "nom": "Sébastien Burnet",
  "couleur": "#58facd",
  "statut": "user"
}]